year,month,carrier,carrier_name,airport,airport_name,arr_flights,arr_del15,carrier_ct,weather_ct,nas_ct,security_ct,late_aircraft_ct,arr_cancelled,arr_diverted,arr_delay,carrier_delay,weather_delay,nas_delay,security_delay,late_aircraft_delay
2022,5,9E,Endeavor Air Inc.,ABE,"Allentown/Bethlehem/Easton, PA: Lehigh Valley International",136,7,5.95,0,0.05,0,1,0,0,255,222,0,4,0,29
2022,5,9E,Endeavor Air Inc.,ABY,"Albany, GA: Southwest Georgia Regional",91,16,7.38,0,2.54,0,6.09,0,0,884,351,0,81,0,452
2022,5,9E,Endeavor Air Inc.,ACK,"Nantucket, MA: Nantucket Memorial",19,2,0.13,0,1,0,0.88,1,0,138,4,0,106,0,28
2022,5,9E,Endeavor Air Inc.,AEX,"Alexandria, LA: Alexandria International",88,14,7.26,0.76,4.35,0,1.64,0,0,947,585,35,125,0,202
2022,5,9E,Endeavor Air Inc.,AGS,"Augusta, GA: Augusta Regional at Bush Field",181,19,13.84,0,3.07,0,2.09,0,0,808,662,0,87,0,59
2022,5,9E,Endeavor Air Inc.,ALB,"Albany, NY: Albany International",134,18,4.42,1,6.48,0,6.09,5,0,917,224,78,398,0,217
2022,5,9E,Endeavor Air Inc.,ATL,"Atlanta, GA: Hartsfield-Jackson Atlanta International",3042,453,142.96,13.53,106.98,0,189.53,2,3,38397,20775,1205,3610,0,12807
2022,5,9E,Endeavor Air Inc.,ATW,"Appleton, WI: Appleton International",118,13,4.83,0,6.85,0,1.32,0,0,914,578,0,171,0,165
2022,5,9E,Endeavor Air Inc.,AUS,"Austin, TX: Austin - Bergstrom International",53,8,5.23,1,0.89,0,0.88,1,0,582,445,20,19,0,98
2022,5,9E,Endeavor Air Inc.,AVL,"Asheville, NC: Asheville Regional",58,14,4.54,0,7.61,0,1.85,1,0,996,290,0,618,0,88
2022,5,9E,Endeavor Air Inc.,AZO,"Kalamazoo, MI: Kalamazoo/Battle Creek International",91,15,9.74,0.97,3.34,0,0.95,0,0,590,450,35,87,0,18
2022,5,9E,Endeavor Air Inc.,BGM,"Binghamton, NY: Greater Binghamton/Edwin A. Link Field",31,2,1.58,0,0.42,0,0,0,0,71,49,0,22,0,0
2022,5,9E,Endeavor Air Inc.,BGR,"Bangor, ME: Bangor International",205,40,12.3,0,8.99,0,18.71,15,0,3058,702,0,933,0,1423
2022,5,9E,Endeavor Air Inc.,BHM,"Birmingham, AL: Birmingham-Shuttlesworth International",49,3,0,0,1,0,2,2,0,306,0,0,90,0,216
2022,5,9E,Endeavor Air Inc.,BMI,"Bloomington/Normal, IL: Central Il Regional Airport at Bloomington",71,5,1.66,0,1.4,0,1.95,0,0,256,138,0,30,0,88
2022,5,9E,Endeavor Air Inc.,BNA,"Nashville, TN: Nashville International",172,33,10.32,0,10.08,0,12.6,12,1,2618,801,0,563,0,1254
2022,5,9E,Endeavor Air Inc.,BOS,"Boston, MA: Logan International",322,65,12.92,,31.07,0,17.88,7,0,5559,1748,855,1579,0,1377
2022,5,9E,Endeavor Air Inc.,BQK,"Brunswick, GA: Brunswick Golden Isles",92,14,8.51,,3.06,0,1.95,0,1,1506,1277,41,116,0,72
2022,5,9E,Endeavor Air Inc.,BTR,"Baton Rouge, LA: Baton Rouge Metropolitan/Ryan Field",60,7,4.28,0,1.83,0,0.88,0,0,357,262,0,72,0,23
2022,5,9E,Endeavor Air Inc.,BTV,"Burlington, VT: Burlington International",147,14,2.38,0.88,4.3,0,6.45,10,0,843,85,35,317,0,406
2022,5,9E,Endeavor Air Inc.,BUF,"Buffalo, NY: Buffalo Niagara International",262,36,14.66,0,6.59,0,14.75,22,0,3517,932,0,979,0,1606
2022,5,9E,Endeavor Air Inc.,BWI,"Baltimore, MD: Baltimore/Washington International Thurgood Marshall",93,9,3.12,0,2.23,0,3.66,4,0,1204,389,0,156,0,659
2022,5,9E,Endeavor Air Inc.,CAE,"Columbia, SC: Columbia Metropolitan",60,14,3.65,0.73,3.62,0,6,2,0,578,176,11,127,0,264
2022,5,9E,Endeavor Air Inc.,CHA,"Chattanooga, TN: Lovell Field",67,10,5.39,0,2.59,0,2.01,0,,336,200,0,49,0,87
2022,5,9E,Endeavor Air Inc.,CHO,"Charlottesville, VA: Charlottesville Albemarle",175,24,9,2.99,7.6,0,4.41,5,,1740,375,633,372,0,360
2022,5,9E,Endeavor Air Inc.,CHS,"Charleston, SC: Charleston AFB/International",180,51,14.06,0,20.32,0,16.62,8,0,3297,782,0,1499,0,1016
2022,5,9E,Endeavor Air Inc.,CID,"Cedar Rapids/Iowa City, IA: The Eastern Iowa",119,15,6.17,1.62,1.91,0,5.31,0,1,1242,541,110,134,0,457
2022,5,9E,Endeavor Air Inc.,CLE,"Cleveland, OH: Cleveland-Hopkins International",229,40,17.77,0.15,6.98,1,14.1,17,0,2116,800,11,424,21,860
2022,5,9E,Endeavor Air Inc.,CLT,"Charlotte, NC: Charlotte Douglas International",238,44,14.35,0,12.59,0,17.06,21,1,3189,918,0,721,0,1550
2022,5,9E,Endeavor Air Inc.,CMH,"Columbus, OH: John Glenn Columbus International",1,0,0,0,0,0,0,0,0,0,0,0,0,0,0
2022,5,9E,Endeavor Air Inc.,CRW,"Charleston/Dunbar, WV: Yeager",91,17,5.24,0.81,8.86,0,2.1,0,0,453,148,29,187,0,89
2022,5,9E,Endeavor Air Inc.,CSG,"Columbus, GA: Columbus Airport",89,10,3.68,0.13,4.08,0,2.11,0,0,709,328,10,176,0,195
2022,5,9E,Endeavor Air Inc.,CVG,"Cincinnati, OH: Cincinnati/Northern Kentucky International",587,107,24.61,5.09,34.92,0,42.38,21,0,7778,1171,527,3491,0,2589
2022,5,9E,Endeavor Air Inc.,CWA,"Mosinee, WI: Central Wisconsin",92,11,1.42,1.3,5.45,0,2.83,0,0,605,53,220,198,0,134
2022,5,9E,Endeavor Air Inc.,DAY,"Dayton, OH: James M Cox/Dayton International",15,3,1.68,0,0.6,0,0.71,0,0,109,68,0,16,0,25
2022,5,9E,Endeavor Air Inc.,DCA,"Washington, DC: Ronald Reagan Washington National",205,47,12.6,0,27.89,0,6.5,6,1,2805,1074,0,1451,0,280
2022,5,9E,Endeavor Air Inc.,DHN,"Dothan, AL: Dothan Regional",91,22,12.29,0,2.76,0,6.95,0,1,1260,626,0,109,0,525
2022,5,9E,Endeavor Air Inc.,DLH,"Duluth, MN: Duluth International",62,6,1.31,1.94,1.32,0,1.43,0,1,364,38,90,36,0,200
2022,5,9E,Endeavor Air Inc.,DSM,"Des Moines, IA: Des Moines International",218,29,11.89,0.75,6.2,0,10.16,3,0,1827,827,26,340,0,634
2022,5,9E,Endeavor Air Inc.,DTW,"Detroit, MI: Detroit Metro Wayne County",1236,124,49.89,3.91,18.93,0,51.27,6,0,13279,7133,474,1343,0,4329
2022,5,9E,Endeavor Air Inc.,EVV,"Evansville, IN: Evansville Regional",91,7,2.33,0,1.75,0,2.92,0,0,329,126,0,65,0,138
2022,5,9E,Endeavor Air Inc.,EWR,"Newark, NJ: Newark Liberty International",157,37,5.79,2.15,26.96,0,2.09,10,0,2152,317,67,1660,0,108
2022,5,9E,Endeavor Air Inc.,EYW,"Key West, FL: Key West International",3,0,0,0,0,0,0,0,0,0,0,0,0,0,0
2022,5,9E,Endeavor Air Inc.,FAY,"Fayetteville, NC: Fayetteville Regional/Grannis Field",92,10,8.58,0,0,0,1.42,0,0,485,447,0,0,0,38
2022,5,9E,Endeavor Air Inc.,FSD,"Sioux Falls, SD: Joe Foss Field",31,3,1,0,2,0,0,0,0,119,87,0,32,0,0
2022,5,9E,Endeavor Air Inc.,FWA,"Fort Wayne, IN: Fort Wayne International",89,17,9.9,0,2.96,0,4.15,0,0,2112,1700,0,124,0,288
2022,5,9E,Endeavor Air Inc.,GNV,"Gainesville, FL: Gainesville Regional",22,4,2.89,0,1.11,0,0,0,0,173,140,0,33,0,0
2022,5,9E,Endeavor Air Inc.,GPT,"Gulfport/Biloxi, MS: Gulfport-Biloxi International",48,3,2,0,1,0,0,0,0,184,164,0,20,0,0
2022,5,9E,Endeavor Air Inc.,GRR,"Grand Rapids, MI: Gerald R. Ford International",80,13,4.92,0,2.71,0,5.37,6,0,1390,836,0,296,0,258
2022,5,9E,Endeavor Air Inc.,GSO,"Greensboro/High Point, NC: Piedmont Triad International",114,19,7.61,0,7.06,0,4.34,6,0,2492,492,0,771,0,1229
2022,5,9E,Endeavor Air Inc.,GSP,"Greer, SC: Greenville-Spartanburg International",80,14,4.66,0,4.73,0,4.61,4,0,1246,232,0,747,0,267
2022,5,9E,Endeavor Air Inc.,GTR,"Columbus, MS: Golden Triangle Regional",90,9,2.89,0,3.94,0,2.17,0,0,453,198,0,114,0,141
2022,5,9E,Endeavor Air Inc.,HPN,"White Plains, NY: Westchester County",101,13,6.09,0.44,4.33,0,2.14,1,1,605,401,7,113,0,84
2022,5,9E,Endeavor Air Inc.,ILM,"Wilmington, NC: Wilmington International",120,21,3.02,0.95,14.6,0,2.43,2,0,1068,169,52,714,0,133
2022,5,9E,Endeavor Air Inc.,IND,"Indianapolis, IN: Indianapolis International",175,27,11.42,1.7,6.9,0,6.98,7,0,2571,885,267,543,0,876
2022,5,9E,Endeavor Air Inc.,ITH,"Ithaca/Cortland, NY: Ithaca Tompkins Regional",31,0,0,0,0,0,0,0,1,0,0,0,0,0,0
2022,5,9E,Endeavor Air Inc.,JFK,"New York, NY: John F. Kennedy International",1773,308,72.59,12.69,133.95,0,88.76,92,8,34125,9045,2603,12766,0,9711
2022,5,9E,Endeavor Air Inc.,LAN,"Lansing, MI: Capital Region International",91,8,3.29,1.33,1.9,0,1.48,0,0,448,192,42,60,0,154
2022,5,9E,Endeavor Air Inc.,LEX,"Lexington, KY: Blue Grass",86,16,5.85,1.26,7.59,0,1.3,0,0,683,334,72,229,0,48
2022,5,9E,Endeavor Air Inc.,LFT,"Lafayette, LA: Lafayette Regional Paul Fournet Field",112,13,6.39,0,4.79,0,1.83,0,1,705,431,0,207,0,67
2022,5,9E,Endeavor Air Inc.,LGA,"New York, NY: LaGuardia",2963,540,100.8,31.05,295.39,0,112.76,194,5,52676,16031,4360,24258,0,8027
2022,5,9E,Endeavor Air Inc.,MBS,"Saginaw/Bay City/Midland, MI: MBS International",87,12,9.78,0.65,1.46,0,0.11,0,1,1383,1307,28,39,0,9
2022,5,9E,Endeavor Air Inc.,MCI,"Kansas City, MO: Kansas City International",27,3,1,0,0.79,0,1.21,1,0,123,19,0,25,0,79
2022,5,9E,Endeavor Air Inc.,MEM,"Memphis, TN: Memphis International",58,10,4.12,0,2.68,0,3.2,2,0,1115,121,0,54,0,940
2022,5,9E,Endeavor Air Inc.,MGM,"Montgomery, AL: Montgomery Regional",143,27,14.12,0.38,7.63,0,4.87,0,0,1242,758,8,221,0,255
2022,5,9E,Endeavor Air Inc.,MKE,"Milwaukee, WI: General Mitchell International",189,30,9.83,1,7.92,0,11.25,9,0,2024,645,89,407,0,883
2022,5,9E,Endeavor Air Inc.,MLI,"Moline, IL: Quad City International",122,14,8.77,0.09,3.75,0,1.4,0,0,1199,946,9,173,0,71
2022,5,9E,Endeavor Air Inc.,MLU,"Monroe, LA: Monroe Regional",85,16,5.74,1.04,4.78,0,4.43,0,0,894,410,111,157,0,216
2022,5,9E,Endeavor Air Inc.,MOB,"Mobile, AL: Mobile Regional",82,16,9.96,0,3.65,0,2.39,0,1,950,658,0,176,0,116
2022,5,9E,Endeavor Air Inc.,MOT,"Minot, ND: Minot International",4,0,0,0,0,0,0,0,0,0,0,0,0,0,0
2022,5,9E,Endeavor Air Inc.,MSN,"Madison, WI: Dane County Regional-Truax Field",84,12,3.71,0.74,2.69,0,4.86,4,0,1498,395,279,427,0,397
2022,5,9E,Endeavor Air Inc.,MSP,"Minneapolis, MN: Minneapolis-St Paul International",713,94,30.01,1,31.29,0,31.7,3,2,6886,2699,27,1279,0,2881
2022,5,9E,Endeavor Air Inc.,MYR,"Myrtle Beach, SC: Myrtle Beach International",62,8,1.75,0.32,4.85,0,1.08,0,0,365,45,28,239,0,53
2022,5,9E,Endeavor Air Inc.,OAJ,"Jacksonville/Camp Lejeune, NC: Albert J Ellis",88,17,9.22,0.71,3.05,0,4.02,0,0,961,475,96,129,0,261
2022,5,9E,Endeavor Air Inc.,OMA,"Omaha, NE: Eppley Airfield",31,8,2.02,0.97,3.94,0,1.07,1,0,919,49,163,407,0,300
2022,5,9E,Endeavor Air Inc.,ORD,"Chicago, IL: Chicago O'Hare International",62,10,3.05,0,2.93,0,4.02,5,1,2614,1059,0,1157,0,398
2022,5,9E,Endeavor Air Inc.,ORF,"Norfolk, VA: Norfolk International",250,38,9.19,1.29,18.25,0,9.28,18,0,3790,947,60,1901,0,882
2022,5,9E,Endeavor Air Inc.,ORH,"Worcester, MA: Worcester Regional",27,4,1,0,1.56,0,1.44,0,0,207,124,0,31,0,52
2022,5,9E,Endeavor Air Inc.,PIT,"Pittsburgh, PA: Pittsburgh International",164,16,5.72,0,4.56,0,5.71,4,0,1108,322,0,284,0,502
2022,5,9E,Endeavor Air Inc.,PVD,"Providence, RI: Theodore Francis Green State",80,14,5.39,0,1.48,0,7.13,7,0,845,473,0,85,0,287
2022,5,9E,Endeavor Air Inc.,RDU,"Raleigh/Durham, NC: Raleigh-Durham International",413,83,16.5,3.39,27.29,0,35.83,20,0,8375,1368,1788,2059,0,3160
2022,5,9E,Endeavor Air Inc.,RIC,"Richmond, VA: Richmond International",331,64,25.36,0.5,17.3,0,20.84,11,1,4734,2214,12,943,0,1565
2022,5,9E,Endeavor Air Inc.,ROA,"Roanoke, VA: Roanoke Blacksburg Regional Woodrum Field",39,4,2.69,0.93,0.38,0,0,0,1,286,197,70,19,0,0
2022,5,9E,Endeavor Air Inc.,ROC,"Rochester, NY: Greater Rochester International",180,21,5.96,1,4.56,0,9.48,11,0,1725,532,275,333,0,585
2022,5,9E,Endeavor Air Inc.,RST,"Rochester, MN: Rochester International",31,2,1.47,0,0.47,0,0.06,0,1,174,149,0,17,0,8
2022,5,9E,Endeavor Air Inc.,SAV,"Savannah, GA: Savannah/Hilton Head International",178,32,4.79,0.95,15.63,0,10.63,6,0,2063,434,89,917,0,623
2022,5,9E,Endeavor Air Inc.,SBN,"South Bend, IN: South Bend International",89,15,6.67,0,4.75,0,3.58,0,0,1253,793,0,119,0,341
2022,5,9E,Endeavor Air Inc.,SDF,"Louisville, KY: Louisville Muhammad Ali International",30,5,0.51,0,4.28,0,0.22,0,0,325,80,0,227,0,18
2022,5,9E,Endeavor Air Inc.,SGF,"Springfield, MO: Springfield-Branson National",18,2,0.21,0,0,0,1.79,0,0,95,5,0,0,0,90
2022,5,9E,Endeavor Air Inc.,SHV,"Shreveport, LA: Shreveport Regional",111,12,9.14,0,2.85,0,0.01,0,0,594,497,0,96,0,1
2022,5,9E,Endeavor Air Inc.,STL,"St. Louis, MO: St Louis Lambert International",138,25,10.88,0,8,0,6.12,8,0,1205,509,0,470,0,226
2022,5,9E,Endeavor Air Inc.,SYR,"Syracuse, NY: Syracuse Hancock International",198,35,14.18,0,10.15,0,10.67,16,0,2722,1053,0,955,0,714
2022,5,9E,Endeavor Air Inc.,TLH,"Tallahassee, FL: Tallahassee International",20,3,0.76,0,1.3,0,0.94,0,0,60,16,0,25,0,19
2022,5,9E,Endeavor Air Inc.,TRI,"Bristol/Johnson City/Kingsport, TN: Tri Cities",171,33,17.47,1.44,3.64,0,10.44,0,0,1613,950,64,112,0,487
2022,5,9E,Endeavor Air Inc.,TVC,"Traverse City, MI: Cherry Capital",35,4,1.37,0,2.1,0,0.53,0,0,101,38,0,48,0,15
2022,5,9E,Endeavor Air Inc.,TYS,"Knoxville, TN: McGhee Tyson",214,32,14.43,1.74,7.95,0,7.88,4,0,1448,597,42,280,0,529
2022,5,9E,Endeavor Air Inc.,VLD,"Valdosta, GA: Valdosta Regional",91,15,7,0.97,0.8,0,6.24,0,0,1335,599,211,50,0,475
2022,5,9E,Endeavor Air Inc.,XNA,"Fayetteville, AR: Northwest Arkansas Regional",115,5,1.83,0,1.25,0,1.92,1,0,181,60,0,36,0,85
2022,5,AA,American Airlines Inc.,ABQ,"Albuquerque, NM: Albuquerque International Sunport",285,57,23.84,1.12,4.76,0,27.27,2,0,3766,1194,86,281,0,2205
2022,5,AA,American Airlines Inc.,ALB,"Albany, NY: Albany International",89,26,9.87,2.1,4.8,0.14,9.1,0,0,1673,393,304,274,16,686
2022,5,AA,American Airlines Inc.,AMA,"Amarillo, TX: Rick Husband Amarillo International",54,16,9.71,0.19,0.87,0,5.22,3,0,894,598,15,33,0,248
2022,5,AA,American Airlines Inc.,ANC,"Anchorage, AK: Ted Stevens Anchorage International",54,12,7.25,0,0.05,0,4.7,0,0,804,398,0,2,0,404
2022,5,AA,American Airlines Inc.,ATL,"Atlanta, GA: Hartsfield-Jackson Atlanta International",529,157,56.03,7.15,26.65,1.66,65.52,6,0,9921,3223,657,1041,41,4959
2022,5,AA,American Airlines Inc.,AUS,"Austin, TX: Austin - Bergstrom International",1391,320,97.42,10.7,119.49,0.84,91.56,21,2,19600,5903,1195,4704,29,7769
2022,5,AA,American Airlines Inc.,AVP,"Scranton/Wilkes-Barre, PA: Wilkes Barre Scranton International",62,10,4.02,1.01,1.08,1,2.9,2,0,535,152,53,34,18,278
2022,5,AA,American Airlines Inc.,BDL,"Hartford, CT: Bradley International",276,80,28.85,3.62,13.32,0,34.21,3,1,5196,1978,260,450,0,2508
2022,5,AA,American Airlines Inc.,BHM,"Birmingham, AL: Birmingham-Shuttlesworth International",62,26,7.04,1.14,3.8,0.08,13.94,2,0,1607,466,105,114,2,920
2022,5,AA,American Airlines Inc.,BNA,"Nashville, TN: Nashville International",538,133,39.08,5.84,27.48,0.79,59.8,8,0,9060,2837,367,1408,43,4405
2022,5,AA,American Airlines Inc.,BOI,"Boise, ID: Boise Air Terminal",83,12,6.17,0,3.04,0,2.78,0,0,936,769,0,84,0,83
2022,5,AA,American Airlines Inc.,BOS,"Boston, MA: Logan International",1888,469,162.51,16.73,131.55,1.23,156.99,33,2,29316,9809,1737,5581,29,12160
2022,5,AA,American Airlines Inc.,BUF,"Buffalo, NY: Buffalo Niagara International",136,48,19.05,0.01,13.41,0,15.53,3,0,3280,1146,1,673,0,1460
2022,5,AA,American Airlines Inc.,BUR,"Burbank, CA: Bob Hope",62,22,6.13,0.23,9.75,0,5.88,1,1,1036,335,8,305,0,388
2022,5,AA,American Airlines Inc.,BWI,"Baltimore, MD: Baltimore/Washington International Thurgood Marshall",268,64,20.16,5.52,8.75,0,29.57,4,0,4939,1791,485,273,0,2390
2022,5,AA,American Airlines Inc.,BZN,"Bozeman, MT: Bozeman Yellowstone International",27,5,2.42,0,2.58,0,0,0,0,206,88,0,118,0,0
2022,5,AA,American Airlines Inc.,CHS,"Charleston, SC: Charleston AFB/International",205,58,19.65,4.1,11.74,0.44,22.07,6,0,2878,784,304,372,7,1411
2022,5,AA,American Airlines Inc.,CLE,"Cleveland, OH: Cleveland-Hopkins International",270,83,25.48,1.83,17.67,0,38.03,3,0,5281,1476,155,877,0,2773
2022,5,AA,American Airlines Inc.,CLT,"Charlotte, NC: Charlotte Douglas International",8455,1693,450.61,135.86,434.62,5.67,666.23,108,19,139881,46319,12574,21820,162,59006
2022,5,AA,American Airlines Inc.,CMH,"Columbus, OH: John Glenn Columbus International",201,50,19.64,1.76,10.46,0,18.14,1,1,2235,873,96,317,0,949
2022,5,AA,American Airlines Inc.,COS,"Colorado Springs, CO: City of Colorado Springs Municipal",120,26,14.34,0.64,6.46,0,4.56,1,2,1666,1000,18,277,0,371
2022,5,AA,American Airlines Inc.,CVG,"Cincinnati, OH: Cincinnati/Northern Kentucky International",124,27,7.75,0.72,6.45,0,12.07,1,0,1522,277,96,274,0,875
2022,5,AA,American Airlines Inc.,DCA,"Washington, DC: Ronald Reagan Washington National",2212,539,147.46,14.17,203.14,1.54,172.69,68,17,33942,8711,1320,8811,61,15039
2022,5,AA,American Airlines Inc.,DEN,"Denver, CO: Denver International",671,159,55.87,2.81,50.65,1.7,47.96,6,3,7884,2864,148,1981,36,2855
2022,5,AA,American Airlines Inc.,DFW,"Dallas/Fort Worth, TX: Dallas/Fort Worth International",11902,2163,652.32,208.82,488.08,4.1,809.68,170,27,195830,72815,19842,26402,142,76629
2022,5,AA,American Airlines Inc.,DSM,"Des Moines, IA: Des Moines International",177,50,18.42,1.08,3.5,0,27,2,0,3621,1060,181,235,0,2145
2022,5,AA,American Airlines Inc.,DTW,"Detroit, MI: Detroit Metro Wayne County",273,73,31.2,3.13,10.77,0,27.9,2,0,3991,1539,228,481,0,1743
2022,5,AA,American Airlines Inc.,EGE,"Eagle, CO: Eagle County Regional",31,8,5.57,0.89,0.43,0,1.11,0,0,576,438,64,28,0,46
2022,5,AA,American Airlines Inc.,ELP,"El Paso, TX: El Paso International",191,36,15.28,0.86,2.98,0,16.88,2,0,1980,696,69,130,0,1085
2022,5,AA,American Airlines Inc.,EUG,"Eugene, OR: Mahlon Sweet Field",62,15,3.85,0,3.7,0,7.45,0,0,941,255,0,140,0,546
2022,5,AA,American Airlines Inc.,EWR,"Newark, NJ: Newark Liberty International",776,315,80.97,7.63,158.79,0,67.61,25,4,21478,5467,641,9723,0,5647
2022,5,AA,American Airlines Inc.,EYW,"Key West, FL: Key West International",186,33,9.85,1.03,11.35,0,10.77,1,2,2621,857,138,443,0,1183
2022,5,AA,American Airlines Inc.,FAT,"Fresno, CA: Fresno Yosemite International",135,17,8.47,0.8,3.04,0,4.69,1,0,1050,405,71,99,0,475
2022,5,AA,American Airlines Inc.,FCA,"Kalispell, MT: Glacier Park International",27,5,2.52,0,0.73,0,1.75,0,0,345,246,0,30,0,69
2022,5,AA,American Airlines Inc.,FLL,"Fort Lauderdale, FL: Fort Lauderdale-Hollywood International",440,93,31.35,5.51,31.88,0.08,24.18,4,5,5739,1800,400,1482,8,2049
2022,5,AA,American Airlines Inc.,GEG,"Spokane, WA: Spokane International",62,16,7.74,0.99,2.88,0,4.39,0,0,1137,484,141,129,0,383
2022,5,AA,American Airlines Inc.,GRR,"Grand Rapids, MI: Gerald R. Ford International",124,47,18.77,2.74,6.49,0,19,3,0,3360,965,220,325,0,1850
2022,5,AA,American Airlines Inc.,HNL,"Honolulu, HI: Daniel K Inouye International",217,17,5.6,0,3.83,0,7.57,0,2,901,267,0,136,0,498
2022,5,AA,American Airlines Inc.,IAD,"Washington, DC: Washington Dulles International",161,46,20.23,2.42,5.31,0,18.03,3,0,4116,1695,153,367,0,1901
2022,5,AA,American Airlines Inc.,IAH,"Houston, TX: George Bush Intercontinental/Houston",580,138,51.36,6.1,33.5,0,47.04,12,3,8340,3060,577,1253,0,3450
2022,5,AA,American Airlines Inc.,ICT,"Wichita, KS: Wichita Dwight D Eisenhower National",86,20,11.3,0,2.5,0,6.2,3,1,1755,991,0,103,0,661
2022,5,AA,American Airlines Inc.,ILM,"Wilmington, NC: Wilmington International",93,29,11.26,0.53,4.21,0.99,12.01,1,0,2352,790,73,278,81,1130
2022,5,AA,American Airlines Inc.,IND,"Indianapolis, IN: Indianapolis International",366,115,42.88,5.11,29.53,0,37.49,2,0,7354,3371,382,903,0,2698
2022,5,AA,American Airlines Inc.,JAX,"Jacksonville, FL: Jacksonville International",364,104,32.68,6.69,22.04,0,42.59,4,1,6504,1816,550,1084,0,3054
2022,5,AA,American Airlines Inc.,JFK,"New York, NY: John F. Kennedy International",1395,327,100.42,17.36,131.61,2.68,74.93,41,8,22880,8779,1601,6361,161,5978
2022,5,AA,American Airlines Inc.,KOA,"Kona, HI: Ellison Onizuka Kona International at Keahole",62,7,1,0,2.23,0,3.77,0,0,302,17,0,95,0,190
2022,5,AA,American Airlines Inc.,LAS,"Las Vegas, NV: McCarran International",1036,244,82.45,8.6,77.19,0.43,75.33,8,1,15598,5826,666,3613,15,5478
2022,5,AA,American Airlines Inc.,LAX,"Los Angeles, CA: Los Angeles International",2506,438,189.37,22.28,91.44,0.41,134.5,22,0,34349,15649,1986,3568,12,13134
2022,5,AA,American Airlines Inc.,LBB,"Lubbock, TX: Lubbock Preston Smith International",31,8,2,0,0.2,0,5.79,1,0,481,171,0,13,0,297
2022,5,AA,American Airlines Inc.,LGA,"New York, NY: LaGuardia",1930,546,156.74,19.09,225.12,0,145.04,101,8,32686,8896,1219,12615,0,9956
2022,5,AA,American Airlines Inc.,LIH,"Lihue, HI: Lihue Airport",62,4,1.59,0,2,0,0.41,0,0,92,40,0,39,0,13
2022,5,AA,American Airlines Inc.,LIT,"Little Rock, AR: Bill and Hillary Clinton Nat Adams Field",85,28,9.59,0.99,4.31,0,13.11,4,0,2062,795,121,227,0,919
2022,5,AA,American Airlines Inc.,MCI,"Kansas City, MO: Kansas City International",401,89,29.07,2.47,14.32,0,43.14,7,0,5174,1468,209,655,0,2842
2022,5,AA,American Airlines Inc.,MCO,"Orlando, FL: Orlando International",1473,346,122.08,20.05,112.69,1.15,90.03,23,3,19897,7020,1166,4907,61,6743
2022,5,AA,American Airlines Inc.,MDT,"Harrisburg, PA: Harrisburg International",35,13,7.22,0.92,1.1,0,3.76,0,0,897,389,34,92,0,382
2022,5,AA,American Airlines Inc.,MEM,"Memphis, TN: Memphis International",353,98,35.88,4.63,12.52,0,44.96,4,1,6675,2977,378,687,0,2633
2022,5,AA,American Airlines Inc.,MFE,"Mission/McAllen/Edinburg, TX: McAllen Miller International",128,39,16.11,1.4,3.51,0,17.98,4,0,4561,2661,114,177,0,1609
2022,5,AA,American Airlines Inc.,MIA,"Miami, FL: Miami International",4921,992,305.82,36.99,367.06,0.95,281.18,131,35,70257,25492,3678,16675,29,24383
2022,5,AA,American Airlines Inc.,MKE,"Milwaukee, WI: General Mitchell International",148,36,14.87,1.12,6.03,0,13.98,1,0,1908,572,146,263,0,927
2022,5,AA,American Airlines Inc.,MSN,"Madison, WI: Dane County Regional-Truax Field",142,34,13.27,0.23,3.91,0,16.59,3,1,2283,450,18,199,0,1616
2022,5,AA,American Airlines Inc.,MSO,"Missoula, MT: Missoula International",31,3,3,0,0,0,0,0,0,293,293,0,0,0,0
2022,5,AA,American Airlines Inc.,MSP,"Minneapolis, MN: Minneapolis-St Paul International",246,53,19.68,1.17,12.99,0,19.16,2,3,3178,1422,46,432,0,1278
2022,5,AA,American Airlines Inc.,MSY,"New Orleans, LA: Louis Armstrong New Orleans International",553,136,42.86,8.01,30.21,0.65,54.27,7,0,9721,3552,639,1211,11,4308
2022,5,AA,American Airlines Inc.,MYR,"Myrtle Beach, SC: Myrtle Beach International",116,32,14.8,1.83,2.5,0,12.86,3,0,2400,1009,240,66,0,1085
2022,5,AA,American Airlines Inc.,OGG,"Kahului, HI: Kahului Airport",128,13,8.4,0,4.12,0,0.48,0,0,554,435,0,89,0,30
2022,5,AA,American Airlines Inc.,OKC,"Oklahoma City, OK: Will Rogers World",205,44,13.76,3.83,1.48,0,24.93,4,2,3069,1043,234,94,0,1698
2022,5,AA,American Airlines Inc.,OMA,"Omaha, NE: Eppley Airfield",219,51,17.71,1.34,12,0,19.94,1,2,3015,923,58,328,0,1706
2022,5,AA,American Airlines Inc.,ONT,"Ontario, CA: Ontario International",213,37,16.07,1.2,3.33,0,16.4,1,0,2493,1404,76,116,0,897
2022,5,AA,American Airlines Inc.,ORD,"Chicago, IL: Chicago O'Hare International",4103,767,228.94,30.75,189.46,2.84,315,72,17,62598,26002,2481,7362,86,26667
2022,5,AA,American Airlines Inc.,ORF,"Norfolk, VA: Norfolk International",209,63,18.57,4.58,14.61,0,25.24,3,1,4469,1339,366,504,0,2260
2022,5,AA,American Airlines Inc.,PBI,"West Palm Beach/Palm Beach, FL: Palm Beach International",402,102,30.56,4.06,36.2,0.1,31.08,8,1,5346,1643,231,1564,3,1905
2022,5,AA,American Airlines Inc.,PDX,"Portland, OR: Portland International",218,67,23.63,0.67,21.25,0,21.45,1,0,3540,1177,84,899,0,1380
2022,5,AA,American Airlines Inc.,PHL,"Philadelphia, PA: Philadelphia International",2688,568,174.23,18.83,170.68,0.07,204.19,47,4,36955,13698,1602,6725,1,14929
2022,5,AA,American Airlines Inc.,PHX,"Phoenix, AZ: Phoenix Sky Harbor International",3971,510,204.51,19.12,82.48,1.14,202.75,14,3,51892,25328,1634,3107,61,21762
2022,5,AA,American Airlines Inc.,PIT,"Pittsburgh, PA: Pittsburgh International",311,95,28.9,1.75,17.33,0.2,46.81,4,0,6555,1510,150,723,4,4168
2022,5,AA,American Airlines Inc.,PNS,"Pensacola, FL: Pensacola International",108,27,7.99,0.22,6.32,0,12.47,2,1,1882,580,23,230,0,1049
2022,5,AA,American Airlines Inc.,PSP,"Palm Springs, CA: Palm Springs International",103,17,9.21,0,0.84,0,6.95,2,0,1000,410,0,16,0,574
2022,5,AA,American Airlines Inc.,PVD,"Providence, RI: Theodore Francis Green State",66,18,5.88,1,3.66,0,7.47,1,0,1209,415,127,153,0,514
2022,5,AA,American Airlines Inc.,PWM,"Portland, ME: Portland International Jetport",62,14,4.33,0,3.71,0,5.96,0,4,1703,1068,0,176,0,459
2022,5,AA,American Airlines Inc.,RDU,"Raleigh/Durham, NC: Raleigh-Durham International",855,230,71.58,13.16,61.48,0.46,83.32,19,3,16612,5496,1001,2876,8,7231
2022,5,AA,American Airlines Inc.,RIC,"Richmond, VA: Richmond International",249,68,22.92,5.28,9.13,0.16,30.51,1,0,4208,1277,474,349,10,2098
2022,5,AA,American Airlines Inc.,RNO,"Reno, NV: Reno/Tahoe International",169,28,14.77,0.54,6.36,0,6.34,2,0,1436,660,72,214,0,490
2022,5,AA,American Airlines Inc.,ROC,"Rochester, NY: Greater Rochester International",62,17,3.51,1.31,3.03,0,9.16,0,0,910,217,77,125,0,491
2022,5,AA,American Airlines Inc.,RSW,"Fort Myers, FL: Southwest Florida International",416,97,22.71,2.96,37.47,0,33.85,5,4,5574,1074,145,1609,0,2746
2022,5,AA,American Airlines Inc.,SAN,"San Diego, CA: San Diego International",585,132,56.61,5.16,19.75,0,50.49,6,0,7760,3055,309,787,0,3609
2022,5,AA,American Airlines Inc.,SAT,"San Antonio, TX: San Antonio International",512,121,46.84,5,18.13,0.42,50.61,1,0,8373,3681,359,779,10,3544
2022,5,AA,American Airlines Inc.,SAV,"Savannah, GA: Savannah/Hilton Head International",148,32,11.72,1.69,4.41,0,14.19,0,1,2052,518,144,246,0,1144
2022,5,AA,American Airlines Inc.,SBA,"Santa Barbara, CA: Santa Barbara Municipal",57,12,6.31,0,2.69,0,3,0,1,700,363,0,183,0,154
2022,5,AA,American Airlines Inc.,SDF,"Louisville, KY: Louisville Muhammad Ali International",88,21,4.64,1.48,5.91,0,8.97,4,0,1072,140,121,254,0,557
2022,5,AA,American Airlines Inc.,SEA,"Seattle, WA: Seattle/Tacoma International",442,133,54.11,4.25,45.08,0.17,29.39,3,0,6773,2455,383,1611,10,2314
2022,5,AA,American Airlines Inc.,SFO,"San Francisco, CA: San Francisco International",725,198,63.32,6.57,81.17,0.03,46.92,11,0,11188,3617,586,2973,1,4011
2022,5,AA,American Airlines Inc.,SJC,"San Jose, CA: Norman Y. Mineta San Jose International",155,28,15.07,0,6.37,0,6.57,2,0,1670,902,0,271,0,497
2022,5,AA,American Airlines Inc.,SJU,"San Juan, PR: Luis Munoz Marin International",407,100,41.85,6.3,26.43,0,25.42,3,0,5656,2331,399,1113,0,1813
2022,5,AA,American Airlines Inc.,SLC,"Salt Lake City, UT: Salt Lake City International",275,68,25.58,2.31,16.05,0,24.07,2,0,3989,2029,130,494,0,1336
2022,5,AA,American Airlines Inc.,SMF,"Sacramento, CA: Sacramento International",250,63,24.42,1.3,17.38,0,19.9,3,2,4203,2135,72,616,0,1380
2022,5,AA,American Airlines Inc.,SNA,"Santa Ana, CA: John Wayne Airport-Orange County",552,110,44.31,2.05,32.86,0.85,29.94,7,1,6116,2232,207,999,38,2640
2022,5,AA,American Airlines Inc.,SRQ,"Sarasota/Bradenton, FL: Sarasota/Bradenton International",89,20,5.77,1.08,3.34,0,9.8,0,1,994,189,66,133,0,606
2022,5,AA,American Airlines Inc.,STL,"St. Louis, MO: St Louis Lambert International",553,140,49.19,5.41,28.44,0,56.95,18,3,10423,4068,350,1622,0,4383
2022,5,AA,American Airlines Inc.,STT,"Charlotte Amalie, VI: Cyril E King",167,28,9.29,0,10.73,1.01,6.97,0,1,1296,550,0,334,16,396
2022,5,AA,American Airlines Inc.,STX,"Christiansted, VI: Henry E. Rohlsen",66,16,10.64,0.11,2.71,0,2.53,0,0,991,485,4,90,0,412
2022,5,AA,American Airlines Inc.,SYR,"Syracuse, NY: Syracuse Hancock International",106,29,13.16,0.38,3.93,0,11.53,1,1,1693,760,45,179,0,709
2022,5,AA,American Airlines Inc.,TPA,"Tampa, FL: Tampa International",1087,264,78.73,10.04,80.32,0,94.92,21,6,17424,4862,750,3255,0,8557
2022,5,AA,American Airlines Inc.,TUL,"Tulsa, OK: Tulsa International",189,41,13.18,2.11,6.67,0,19.04,2,1,2367,652,96,274,0,1345
2022,5,AA,American Airlines Inc.,TUS,"Tucson, AZ: Tucson International",314,53,26.37,0.02,5.1,0,21.51,4,0,3704,1386,3,229,0,2086
2022,5,AA,American Airlines Inc.,VPS,"Valparaiso, FL: Eglin AFB Destin Fort Walton Beach",155,42,16.57,0.97,9.31,0,15.15,0,2,3079,1333,22,408,0,1316
2022,5,AA,American Airlines Inc.,XNA,"Fayetteville, AR: Northwest Arkansas Regional",4,1,0.65,0,0.35,0,0,0,0,20,13,0,7,0,0
2022,5,AS,Alaska Airlines Inc.,ABQ,"Albuquerque, NM: Albuquerque International Sunport",68,11,5.63,0,1.37,0,4,3,0,477,320,0,45,0,112
2022,5,AS,Alaska Airlines Inc.,ADK,"Adak Island, AK: Adak",8,1,0,0,1,0,0,0,0,26,0,0,26,0,0
2022,5,AS,Alaska Airlines Inc.,ADQ,"Kodiak, AK: Kodiak Airport",69,6,3.2,0,0.85,0,1.95,1,0,207,75,0,28,0,104
2022,5,AS,Alaska Airlines Inc.,AKN,"King Salmon, AK: King Salmon Airport",30,2,0,1.91,0.09,0,0,2,0,45,0,43,2,0,0
2022,5,AS,Alaska Airlines Inc.,ANC,"Anchorage, AK: Ted Stevens Anchorage International",1182,219,80.1,4.87,66.53,13.18,54.32,28,3,8343,3559,176,1973,368,2267
2022,5,AS,Alaska Airlines Inc.,ATL,"Atlanta, GA: Hartsfield-Jackson Atlanta International",84,13,4.48,0,3.81,0.28,4.43,2,0,342,114,0,85,5,138
2022,5,AS,Alaska Airlines Inc.,AUS,"Austin, TX: Austin - Bergstrom International",214,28,15.52,0.81,8.95,0,2.72,4,0,1212,804,13,292,0,103
2022,5,AS,Alaska Airlines Inc.,BET,"Bethel, AK: Bethel Airport",61,5,2.56,1.9,0.54,0,0,1,0,375,71,287,17,0,0
2022,5,AS,Alaska Airlines Inc.,BNA,"Nashville, TN: Nashville International",60,7,2.69,0,2.89,0,1.42,4,0,160,67,0,60,0,33
2022,5,AS,Alaska Airlines Inc.,BOI,"Boise, ID: Boise Air Terminal",90,20,10.07,0,5.3,0,4.62,3,0,769,485,0,167,0,117
2022,5,AS,Alaska Airlines Inc.,BOS,"Boston, MA: Logan International",215,35,11.49,0.12,18.59,0,4.81,8,0,1422,639,6,576,0,201
2022,5,AS,Alaska Airlines Inc.,BRW,"Barrow, AK: Wiley Post/Will Rogers Memorial",31,5,1,1,2.65,0,0.35,1,0,135,22,53,52,0,8
2022,5,AS,Alaska Airlines Inc.,BUR,"Burbank, CA: Bob Hope",157,17,8.81,0,3.67,0,4.52,2,1,1016,595,0,140,0,281
2022,5,AS,Alaska Airlines Inc.,BWI,"Baltimore, MD: Baltimore/Washington International Thurgood Marshall",29,2,1,0,1,0,0,7,0,74,46,0,28,0,0
2022,5,AS,Alaska Airlines Inc.,BZN,"Bozeman, MT: Bozeman Yellowstone International",57,14,8.94,0,1.47,0,3.59,3,0,613,471,0,68,0,74
2022,5,AS,Alaska Airlines Inc.,CDV,"Cordova, AK: Merle K Mudhole Smith",60,8,2.74,0,0.38,0,4.88,1,0,276,112,0,8,0,156
2022,5,AS,Alaska Airlines Inc.,CHS,"Charleston, SC: Charleston AFB/International",30,5,0.41,0,4.59,0,0,2,0,113,7,0,106,0,0
2022,5,AS,Alaska Airlines Inc.,CMH,"Columbus, OH: John Glenn Columbus International",38,5,2.16,0,0,0,2.84,3,0,186,92,0,0,0,94
2022,5,AS,Alaska Airlines Inc.,CVG,"Cincinnati, OH: Cincinnati/Northern Kentucky International",31,5,1,0,4,0,0,1,0,155,59,0,96,0,0
2022,5,AS,Alaska Airlines Inc.,DAL,"Dallas, TX: Dallas Love Field",83,19,3.97,0,9.44,0,5.59,1,0,1058,451,0,383,0,224
2022,5,AS,Alaska Airlines Inc.,DCA,"Washington, DC: Ronald Reagan Washington National",152,50,14.59,0,25.92,0,9.49,7,0,3341,1151,0,1144,0,1046
2022,5,AS,Alaska Airlines Inc.,DEN,"Denver, CO: Denver International",164,22,13.51,0.33,7.16,0,1,3,1,1037,605,25,324,0,83
2022,5,AS,Alaska Airlines Inc.,DFW,"Dallas/Fort Worth, TX: Dallas/Fort Worth International",156,26,13.83,0,7.41,0,4.76,6,1,945,620,0,231,0,94
2022,5,AS,Alaska Airlines Inc.,DLG,"Dillingham, AK: Dillingham Airport",13,2,0.61,0,0.5,0,0.89,0,0,36,11,0,9,0,16
2022,5,AS,Alaska Airlines Inc.,DTW,"Detroit, MI: Detroit Metro Wayne County",39,5,2,0,1,0,2,2,0,294,233,0,18,0,43
2022,5,AS,Alaska Airlines Inc.,ELP,"El Paso, TX: El Paso International",31,1,0.67,0,0.33,0,0,0,0,15,10,0,5,0,0
2022,5,AS,Alaska Airlines Inc.,EWR,"Newark, NJ: Newark Liberty International",329,142,22.58,0,111.28,0,8.14,12,1,9099,1490,0,7039,0,570
2022,5,AS,Alaska Airlines Inc.,FAI,"Fairbanks, AK: Fairbanks International",134,26,20,1,3.4,0,1.6,4,0,1091,924,18,98,0,51
2022,5,AS,Alaska Airlines Inc.,FAT,"Fresno, CA: Fresno Yosemite International",13,1,0.93,0,0.07,0,0,0,0,15,14,0,1,0,0
2022,5,AS,Alaska Airlines Inc.,FLL,"Fort Lauderdale, FL: Fort Lauderdale-Hollywood International",46,6,1.74,0,2.79,0,1.47,3,1,227,76,0,71,0,80
2022,5,AS,Alaska Airlines Inc.,GEG,"Spokane, WA: Spokane International",209,48,18.14,0,12.93,0.75,16.18,7,0,1820,917,0,280,15,608
2022,5,AS,Alaska Airlines Inc.,GST,"Gustavus, AK: Gustavus Airport",12,0,0,0,0,0,0,0,0,0,0,0,0,0,0
2022,5,AS,Alaska Airlines Inc.,HNL,"Honolulu, HI: Daniel K Inouye International",304,83,19.18,2.38,56.14,0,5.3,9,1,3409,860,65,1950,0,534
2022,5,AS,Alaska Airlines Inc.,IAD,"Washington, DC: Washington Dulles International",118,30,10.44,0,17.14,0,2.42,7,0,1141,486,0,485,0,170
2022,5,AS,Alaska Airlines Inc.,IAH,"Houston, TX: George Bush Intercontinental/Houston",58,3,2.99,0,0.01,0,0,1,1,182,181,0,1,0,0
2022,5,AS,Alaska Airlines Inc.,IND,"Indianapolis, IN: Indianapolis International",31,4,2.7,0,0.59,0,0.71,1,0,223,176,0,18,0,29
2022,5,AS,Alaska Airlines Inc.,JFK,"New York, NY: John F. Kennedy International",371,75,19.16,2.3,36.13,0.78,16.63,11,2,3350,931,64,1374,14,967
2022,5,AS,Alaska Airlines Inc.,JNU,"Juneau, AK: Juneau International",413,60,24.17,1,16.44,0.76,17.63,2,0,2412,1165,17,427,16,787
2022,5,AS,Alaska Airlines Inc.,KOA,"Kona, HI: Ellison Onizuka Kona International at Keahole",176,32,12.01,0,16.25,0,3.75,3,1,1562,614,0,568,0,380
2022,5,AS,Alaska Airlines Inc.,KTN,"Ketchikan, AK: Ketchikan International",191,24,12.18,0,6.59,0,5.23,1,0,798,364,0,208,0,226
2022,5,AS,Alaska Airlines Inc.,LAS,"Las Vegas, NV: McCarran International",437,58,23.8,0,21.06,0,13.13,21,0,3386,1697,0,1176,0,513
2022,5,AS,Alaska Airlines Inc.,LAX,"Los Angeles, CA: Los Angeles International",824,168,61.69,1.97,44.78,1.75,57.81,32,0,9062,4058,90,1693,31,3190
2022,5,AS,Alaska Airlines Inc.,LIH,"Lihue, HI: Lihue Airport",155,22,9.11,0,9.44,0,3.45,1,0,689,339,0,248,0,102
2022,5,AS,Alaska Airlines Inc.,MCI,"Kansas City, MO: Kansas City International",62,3,1,0,2,0,0,0,0,101,68,0,33,0,0
2022,5,AS,Alaska Airlines Inc.,MCO,"Orlando, FL: Orlando International",184,37,14.48,1,19.45,0,2.07,3,0,1215,457,17,615,0,126
2022,5,AS,Alaska Airlines Inc.,MKE,"Milwaukee, WI: General Mitchell International",31,3,0,0,3,0,0,1,0,72,0,0,72,0,0
2022,5,AS,Alaska Airlines Inc.,MSP,"Minneapolis, MN: Minneapolis-St Paul International",82,17,10.14,0,4.07,0,2.79,2,1,727,429,0,149,0,149
2022,5,AS,Alaska Airlines Inc.,MSY,"New Orleans, LA: Louis Armstrong New Orleans International",28,2,0.2,0,0.04,0,1.76,3,0,99,11,0,2,0,86
2022,5,AS,Alaska Airlines Inc.,OAK,"Oakland, CA: Metropolitan Oakland International",55,8,4.52,0,0.52,0,2.96,1,0,386,259,0,18,0,109
2022,5,AS,Alaska Airlines Inc.,OGG,"Kahului, HI: Kahului Airport",244,40,16.28,0,19.29,0,4.44,6,0,2284,1287,0,801,0,196
2022,5,AS,Alaska Airlines Inc.,OKC,"Oklahoma City, OK: Will Rogers World",31,3,0,0,1,0,2,1,0,102,0,0,40,0,62
2022,5,AS,Alaska Airlines Inc.,OMA,"Omaha, NE: Eppley Airfield",30,2,0.61,0,0.56,0,0.83,1,0,264,49,0,10,0,205
2022,5,AS,Alaska Airlines Inc.,OME,"Nome, AK: Nome Airport",62,6,1.94,0,2.14,0,1.92,0,0,191,75,0,58,0,58
2022,5,AS,Alaska Airlines Inc.,ONT,"Ontario, CA: Ontario International",124,20,8.48,0,6.46,0,5.06,5,0,578,329,0,146,0,103
2022,5,AS,Alaska Airlines Inc.,ORD,"Chicago, IL: Chicago O'Hare International",277,43,17.5,0,21.12,0,4.38,22,0,2170,1188,0,828,0,154
2022,5,AS,Alaska Airlines Inc.,OTZ,"Kotzebue, AK: Ralph Wien Memorial",62,5,1.14,1,1.18,0,1.67,1,1,210,56,58,21,0,75
2022,5,AS,Alaska Airlines Inc.,PAE,"Everett, WA: Snohomish County",60,6,1,0,2,0,3,1,0,395,233,0,39,0,123
2022,5,AS,Alaska Airlines Inc.,PDX,"Portland, OR: Portland International",1481,237,63.85,5.16,75.67,1.76,90.56,55,0,12093,3857,590,2322,61,5263
2022,5,AS,Alaska Airlines Inc.,PHL,"Philadelphia, PA: Philadelphia International",62,7,3.4,0,3.6,0,0,1,0,358,138,0,220,0,0
2022,5,AS,Alaska Airlines Inc.,PHX,"Phoenix, AZ: Phoenix Sky Harbor International",343,28,15.49,0.21,4.99,0,7.3,6,0,851,513,7,123,0,208
2022,5,AS,Alaska Airlines Inc.,PIT,"Pittsburgh, PA: Pittsburgh International",30,3,1.73,0,0.27,0,1,0,0,219,70,0,11,0,138
2022,5,AS,Alaska Airlines Inc.,PSG,"Petersburg, AK: Petersburg James A Johnson",61,8,1,0,0.67,0,6.33,0,0,362,30,0,18,0,314
2022,5,AS,Alaska Airlines Inc.,PSP,"Palm Springs, CA: Palm Springs International",95,9,3.07,0,2.19,0,3.74,5,0,378,140,0,68,0,170
2022,5,AS,Alaska Airlines Inc.,RDU,"Raleigh/Durham, NC: Raleigh-Durham International",40,8,3.13,0,2.87,0,2,4,0,296,128,0,104,0,64
2022,5,AS,Alaska Airlines Inc.,RNO,"Reno, NV: Reno/Tahoe International",60,4,3,0,1,0,0,0,0,253,236,0,17,0,0
2022,5,AS,Alaska Airlines Inc.,RSW,"Fort Myers, FL: Southwest Florida International",6,1,1,0,0,0,0,0,0,61,61,0,0,0,0
2022,5,AS,Alaska Airlines Inc.,SAN,"San Diego, CA: San Diego International",733,128,39.5,1.16,37.99,0,49.34,17,0,5433,1825,159,1166,0,2283
2022,5,AS,Alaska Airlines Inc.,SAT,"San Antonio, TX: San Antonio International",31,7,3.21,0,1.48,0,2.31,0,0,372,266,0,49,0,57
2022,5,AS,Alaska Airlines Inc.,SCC,"Deadhorse, AK: Deadhorse Airport",26,2,0.23,0,1.54,0,0.23,0,0,51,8,0,35,0,8
2022,5,AS,Alaska Airlines Inc.,SEA,"Seattle, WA: Seattle/Tacoma International",5842,1058,314.93,20.16,418.31,5.4,299.19,222,18,51596,20255,1323,12231,157,17630
2022,5,AS,Alaska Airlines Inc.,SFO,"San Francisco, CA: San Francisco International",1100,293,58.34,3.66,116.87,1.91,112.21,50,1,16626,3542,573,4676,56,7779
2022,5,AS,Alaska Airlines Inc.,SIT,"Sitka, AK: Sitka Rocky Gutierrez",115,21,5.01,0,5.5,0,10.49,1,4,746,110,0,312,0,324
2022,5,AS,Alaska Airlines Inc.,SJC,"San Jose, CA: Norman Y. Mineta San Jose International",358,53,27.61,0,9.24,0.75,15.4,15,0,2585,1631,0,263,24,667
2022,5,AS,Alaska Airlines Inc.,SLC,"Salt Lake City, UT: Salt Lake City International",78,21,8.5,0,4.54,0,7.96,1,0,1021,407,0,134,0,480
2022,5,AS,Alaska Airlines Inc.,SMF,"Sacramento, CA: Sacramento International",169,29,19.19,0,2.57,1.66,5.58,12,0,1108,838,0,97,34,139
2022,5,AS,Alaska Airlines Inc.,SNA,"Santa Ana, CA: John Wayne Airport-Orange County",335,41,14.69,0,9.37,0,16.93,10,0,1652,544,0,229,0,879
2022,5,AS,Alaska Airlines Inc.,STL,"St. Louis, MO: St Louis Lambert International",58,6,3.77,0,2.23,0,0,4,1,163,118,0,45,0,0
2022,5,AS,Alaska Airlines Inc.,TPA,"Tampa, FL: Tampa International",59,14,5.25,0,7,0,1.76,0,0,478,185,0,179,0,114
2022,5,AS,Alaska Airlines Inc.,TUS,"Tucson, AZ: Tucson International",46,8,2.38,0,2.04,0,3.58,0,0,413,178,0,72,0,163
2022,5,AS,Alaska Airlines Inc.,WRG,"Wrangell, AK: Wrangell Airport",61,11,2.96,0,1.93,0.83,5.28,0,0,419,86,0,52,29,252
2022,5,AS,Alaska Airlines Inc.,YAK,"Yakutat, AK: Yakutat Airport",60,10,1.36,0,2.24,0,6.4,1,0,314,57,0,47,0,210
2022,5,B6,JetBlue Airways,ABQ,"Albuquerque, NM: Albuquerque International Sunport",31,9,5.2,0,0.65,0,3.15,0,0,408,213,0,21,0,174
2022,5,B6,JetBlue Airways,ACK,"Nantucket, MA: Nantucket Memorial",46,12,6.77,3.8,1.23,0,0.2,3,0,985,689,226,50,0,20
2022,5,B6,JetBlue Airways,ALB,"Albany, NY: Albany International",62,16,6.49,3.28,4.87,0,1.37,4,0,720,424,85,166,0,45
2022,5,B6,JetBlue Airways,ATL,"Atlanta, GA: Hartsfield-Jackson Atlanta International",196,43,27.67,1.4,2.94,0,11,3,0,3021,1645,161,240,0,975
2022,5,B6,JetBlue Airways,AUS,"Austin, TX: Austin - Bergstrom International",112,33,19.59,1,5.56,0,6.85,0,1,2304,1516,31,178,0,579
2022,5,B6,JetBlue Airways,BDL,"Hartford, CT: Bradley International",317,101,46.78,3.23,22.1,0,28.89,2,1,6584,3126,295,889,0,2274
2022,5,B6,JetBlue Airways,BNA,"Nashville, TN: Nashville International",213,55,28.35,1.49,9.48,0,15.68,5,1,4055,1854,281,544,0,1376
2022,5,B6,JetBlue Airways,BOS,"Boston, MA: Logan International",3742,1099,378.51,21.42,307.68,3.6,387.78,77,0,79719,28434,1747,15817,208,33513
2022,5,B6,JetBlue Airways,BQN,"Aguadilla, PR: Rafael Hernandez",146,33,18.26,0.49,5.38,0.34,8.52,2,0,2099,1161,47,188,38,665
2022,5,B6,JetBlue Airways,BTV,"Burlington, VT: Burlington International",62,16,9.74,1,1.76,0,3.49,1,0,704,442,28,55,0,179
2022,5,B6,JetBlue Airways,BUF,"Buffalo, NY: Buffalo Niagara International",212,61,37.25,3.1,7.41,0,13.24,7,0,4591,2787,201,341,0,1262
2022,5,B6,JetBlue Airways,BUR,"Burbank, CA: Bob Hope",50,8,1.65,0,3.42,1,1.93,0,0,697,111,0,394,27,165
2022,5,B6,JetBlue Airways,CHS,"Charleston, SC: Charleston AFB/International",252,82,43.29,1.77,14.4,0,22.54,3,0,5996,2982,163,1083,0,1768
2022,5,B6,JetBlue Airways,CLE,"Cleveland, OH: Cleveland-Hopkins International",62,10,6.02,0,1.3,0,2.68,0,0,863,512,0,30,0,321
2022,5,B6,JetBlue Airways,CLT,"Charlotte, NC: Charlotte Douglas International",73,12,5.59,0.08,2.1,0,4.23,0,0,887,274,15,98,0,500
2022,5,B6,JetBlue Airways,DCA,"Washington, DC: Ronald Reagan Washington National",890,229,104.41,7.7,67.39,0.66,48.84,16,8,15882,6562,890,4103,36,4291
2022,5,B6,JetBlue Airways,DEN,"Denver, CO: Denver International",155,26,16.73,1,2.46,0,5.81,2,0,1798,1134,208,125,0,331
2022,5,B6,JetBlue Airways,DFW,"Dallas/Fort Worth, TX: Dallas/Fort Worth International",62,3,2.67,0,0,0,0.33,0,1,225,208,0,0,0,17
2022,5,B6,JetBlue Airways,DTW,"Detroit, MI: Detroit Metro Wayne County",117,33,20.7,0.79,4.65,0,6.86,2,0,2585,1278,265,196,0,846
2022,5,B6,JetBlue Airways,EWR,"Newark, NJ: Newark Liberty International",694,293,70.82,10.13,142.6,1.71,67.74,17,3,22352,6226,1184,8152,36,6754
2022,5,B6,JetBlue Airways,EYW,"Key West, FL: Key West International",2,2,1.81,0,0.19,0,0,0,0,45,41,0,4,0,0
2022,5,B6,JetBlue Airways,FLL,"Fort Lauderdale, FL: Fort Lauderdale-Hollywood International",1684,382,178.2,7.71,72.79,3.06,120.25,49,23,29494,14786,1008,3652,85,9963
2022,5,B6,JetBlue Airways,HPN,"White Plains, NY: Westchester County",409,88,34.16,6.06,22.36,0,25.41,21,8,5871,1852,310,801,0,2908
2022,5,B6,JetBlue Airways,HYA,"Hyannis, MA: Barnstable Municipal-Boardman/Polando Field",6,1,0.15,0,0,0,0.85,1,0,68,10,0,0,0,58
2022,5,B6,JetBlue Airways,IAH,"Houston, TX: George Bush Intercontinental/Houston",62,15,8.28,0,3.51,0,3.21,1,0,921,597,0,134,0,190
2022,5,B6,JetBlue Airways,JAX,"Jacksonville, FL: Jacksonville International",304,90,44.51,1.6,15.95,0.55,27.39,15,3,6492,3113,306,741,30,2302
2022,5,B6,JetBlue Airways,JFK,"New York, NY: John F. Kennedy International",3913,1177,438.39,25.16,310.36,3.73,399.36,104,26,86778,32236,3118,16429,121,34874
2022,5,B6,JetBlue Airways,LAS,"Las Vegas, NV: McCarran International",307,75,38.46,3.75,15.24,0.26,17.29,1,0,4891,2656,308,696,7,1224
2022,5,B6,JetBlue Airways,LAX,"Los Angeles, CA: Los Angeles International",993,261,118.53,8.24,63.86,2.34,68.04,1,5,16537,8458,695,2700,84,4600
2022,5,B6,JetBlue Airways,LGA,"New York, NY: LaGuardia",1157,391,119.5,12.75,162.85,2.21,93.68,39,8,29292,8617,2637,9926,146,7966
2022,5,B6,JetBlue Airways,MCI,"Kansas City, MO: Kansas City International",62,13,7.41,0,2.94,0,2.65,1,0,1229,613,0,320,0,296
2022,5,B6,JetBlue Airways,MCO,"Orlando, FL: Orlando International",1453,427,172.04,6.92,75.79,0,172.25,40,6,31841,12543,637,4294,0,14367
2022,5,B6,JetBlue Airways,MIA,"Miami, FL: Miami International",333,72,43.78,0,13.93,0,14.29,7,3,5792,3467,0,1210,0,1115
2022,5,B6,JetBlue Airways,MKE,"Milwaukee, WI: General Mitchell International",62,19,11.38,0,3.48,0,4.14,1,0,1595,1230,0,123,0,242
2022,5,B6,JetBlue Airways,MSP,"Minneapolis, MN: Minneapolis-St Paul International",90,30,17,1.64,5.08,0,6.28,0,0,1510,797,203,194,0,316
2022,5,B6,JetBlue Airways,MSY,"New Orleans, LA: Louis Armstrong New Orleans International",197,47,28.83,0.97,9.77,0,7.43,6,0,3004,1897,228,338,0,541
2022,5,B6,JetBlue Airways,MVY,"Martha's Vineyard, MA: Martha's Vineyard Airport",14,2,1.3,0,0,0,0.7,3,0,227,182,0,0,0,45
2022,5,B6,JetBlue Airways,ONT,"Ontario, CA: Ontario International",31,5,2.5,0,1,0,1.5,0,0,283,209,0,19,0,55
2022,5,B6,JetBlue Airways,ORD,"Chicago, IL: Chicago O'Hare International",117,19,12.12,1,3.29,0,2.59,0,0,1640,1032,246,156,0,206
2022,5,B6,JetBlue Airways,ORH,"Worcester, MA: Worcester Regional",93,22,9.92,1.22,3.41,0,7.46,8,0,1489,723,87,103,0,576
2022,5,B6,JetBlue Airways,PBI,"West Palm Beach/Palm Beach, FL: Palm Beach International",634,174,76.1,3.22,37.35,1.59,55.75,20,0,13103,6039,532,1826,50,4656
2022,5,B6,JetBlue Airways,PDX,"Portland, OR: Portland International",28,9,5.07,0,2.44,0,1.49,0,0,545,274,0,188,0,83
2022,5,B6,JetBlue Airways,PHL,"Philadelphia, PA: Philadelphia International",143,31,16.41,2,5.13,0,7.45,3,0,1828,1030,55,217,0,526
2022,5,B6,JetBlue Airways,PHX,"Phoenix, AZ: Phoenix Sky Harbor International",84,26,18.3,2.96,2.48,0,2.26,1,0,2073,1440,289,75,0,269
2022,5,B6,JetBlue Airways,PIT,"Pittsburgh, PA: Pittsburgh International",82,10,6.89,0,1.9,0,1.2,3,0,368,255,0,58,0,55
2022,5,B6,JetBlue Airways,PSE,"Ponce, PR: Mercedita",62,26,14.15,0.88,3.39,0,7.59,1,0,1844,1086,63,149,0,546
2022,5,B6,JetBlue Airways,PSP,"Palm Springs, CA: Palm Springs International",19,7,3.04,2,0.79,0,1.17,0,0,697,288,272,90,0,47
2022,5,B6,JetBlue Airways,PVD,"Providence, RI: Theodore Francis Green State",98,35,18.81,0.91,12.07,0,3.21,1,0,2615,1463,61,785,0,306
2022,5,B6,JetBlue Airways,PWM,"Portland, ME: Portland International Jetport",12,3,1.76,0,1.24,0,0,1,0,233,84,0,149,0,0
2022,5,B6,JetBlue Airways,RDU,"Raleigh/Durham, NC: Raleigh-Durham International",254,81,45.54,2.73,18.45,0,14.27,5,0,5309,3092,210,701,0,1306
2022,5,B6,JetBlue Airways,RIC,"Richmond, VA: Richmond International",153,36,21.32,2,2.64,0,10.04,5,0,2929,1987,105,100,0,737
2022,5,B6,JetBlue Airways,RNO,"Reno, NV: Reno/Tahoe International",37,6,3.13,1,1.87,0,0,0,0,369,181,146,42,0,0
2022,5,B6,JetBlue Airways,ROC,"Rochester, NY: Greater Rochester International",90,25,16.28,0.76,1.77,0,6.19,3,0,1517,665,37,249,0,566
2022,5,B6,JetBlue Airways,RSW,"Fort Myers, FL: Southwest Florida International",418,98,42.42,3.91,24.32,0,27.34,10,3,7936,4037,627,1279,0,1993
2022,5,B6,JetBlue Airways,SAN,"San Diego, CA: San Diego International",151,21,12.06,1.88,3.71,1.56,1.8,2,1,1051,534,107,196,39,175
2022,5,B6,JetBlue Airways,SAT,"San Antonio, TX: San Antonio International",62,8,2.97,0.15,3.13,0,1.75,0,0,644,348,22,81,0,193
2022,5,B6,JetBlue Airways,SAV,"Savannah, GA: Savannah/Hilton Head International",183,58,28.36,0.76,20.98,0,7.9,7,1,3829,1949,108,1291,0,481
2022,5,B6,JetBlue Airways,SEA,"Seattle, WA: Seattle/Tacoma International",90,30,17.47,0.21,9.79,0,2.53,0,0,1492,899,30,434,0,129
2022,5,B6,JetBlue Airways,SFO,"San Francisco, CA: San Francisco International",466,85,41.63,3.96,17.64,0,21.78,3,1,5906,2750,525,772,0,1859
2022,5,B6,JetBlue Airways,SJC,"San Jose, CA: Norman Y. Mineta San Jose International",55,16,6.5,2.78,3.68,0,3.04,2,0,1064,448,180,195,0,241
2022,5,B6,JetBlue Airways,SJU,"San Juan, PR: Luis Munoz Marin International",810,254,134.09,5.48,61.01,0.67,52.75,12,2,16821,9567,520,2272,24,4438
2022,5,B6,JetBlue Airways,SLC,"Salt Lake City, UT: Salt Lake City International",155,33,18.98,0,7.22,0.69,6.12,0,0,1944,1326,0,246,37,335
2022,5,B6,JetBlue Airways,SMF,"Sacramento, CA: Sacramento International",46,14,6.71,0.66,5.06,0,1.57,0,3,691,291,50,292,0,58
2022,5,B6,JetBlue Airways,SRQ,"Sarasota/Bradenton, FL: Sarasota/Bradenton International",95,29,14.38,0,6.53,0,8.09,2,2,1964,799,0,506,0,659
2022,5,B6,JetBlue Airways,STT,"Charlotte Amalie, VI: Cyril E King",73,12,9,0,2.52,0,0.49,2,0,744,530,0,109,0,105
2022,5,B6,JetBlue Airways,SYR,"Syracuse, NY: Syracuse Hancock International",93,35,18.95,1.37,3.87,0,10.81,4,0,2180,1193,38,180,0,769
2022,5,B6,JetBlue Airways,TPA,"Tampa, FL: Tampa International",426,98,53.03,0.46,15.25,0,29.26,10,3,6854,3574,49,778,0,2453
2022,5,DL,Delta Air Lines Inc.,ABQ,"Albuquerque, NM: Albuquerque International Sunport",93,12,6.64,1,0.1,0,4.25,2,0,429,218,49,4,0,158
2022,5,DL,Delta Air Lines Inc.,ALB,"Albany, NY: Albany International",93,28,16.07,0,6.06,0,5.87,5,0,1374,602,0,199,0,573
2022,5,DL,Delta Air Lines Inc.,ANC,"Anchorage, AK: Ted Stevens Anchorage International",215,25,17.9,0,2.94,0,4.16,2,1,958,676,0,63,0,219
2022,5,DL,Delta Air Lines Inc.,ATL,"Atlanta, GA: Hartsfield-Jackson Atlanta International",18297,2573,1012.39,95.51,501.03,0.52,963.54,444,23,193784,102534,7741,19640,34,63835
2022,5,DL,Delta Air Lines Inc.,ATW,"Appleton, WI: Appleton International",31,3,2,0,1,0,0,0,0,109,89,0,20,0,0
2022,5,DL,Delta Air Lines Inc.,AUS,"Austin, TX: Austin - Bergstrom International",891,139,84.06,1.34,24.54,0,29.06,22,1,11475,7901,66,1011,0,2497
2022,5,DL,Delta Air Lines Inc.,AVL,"Asheville, NC: Asheville Regional",145,9,6.53,0,0.47,0,2,0,0,295,252,0,10,0,33
2022,5,DL,Delta Air Lines Inc.,BDL,"Hartford, CT: Bradley International",308,51,31.79,2.36,8.99,0,7.85,13,0,5568,4210,786,271,0,301
2022,5,DL,Delta Air Lines Inc.,BHM,"Birmingham, AL: Birmingham-Shuttlesworth International",229,36,29.73,0,2.3,0,3.97,8,0,1641,1354,0,71,0,216
2022,5,DL,Delta Air Lines Inc.,BIL,"Billings, MT: Billings Logan International",57,7,2.84,1,0.66,0,2.5,2,0,229,114,29,30,0,56
2022,5,DL,Delta Air Lines Inc.,BNA,"Nashville, TN: Nashville International",488,53,37.29,0,7.47,0,8.24,23,1,3673,2951,0,243,0,479
2022,5,DL,Delta Air Lines Inc.,BOI,"Boise, ID: Boise Air Terminal",97,20,11.91,1,1.55,0,5.54,3,0,1886,926,790,43,0,127
2022,5,DL,Delta Air Lines Inc.,BOS,"Boston, MA: Logan International",1738,416,164.49,9.45,135.3,0,106.76,38,2,26710,13575,372,5127,0,7636
2022,5,DL,Delta Air Lines Inc.,BTR,"Baton Rouge, LA: Baton Rouge Metropolitan/Ryan Field",61,4,1.89,0,1.5,0,0.62,0,0,188,117,0,55,0,16
2022,5,DL,Delta Air Lines Inc.,BTV,"Burlington, VT: Burlington International",31,5,4.36,0,0,0,0.64,0,0,331,271,0,0,0,60
2022,5,DL,Delta Air Lines Inc.,BUF,"Buffalo, NY: Buffalo Niagara International",199,37,21.96,0.93,1.19,0,12.92,8,0,1708,1155,50,50,0,453
2022,5,DL,Delta Air Lines Inc.,BWI,"Baltimore, MD: Baltimore/Washington International Thurgood Marshall",447,73,45.28,4.69,11.82,0,11.21,16,3,3416,1858,378,593,0,587
2022,5,DL,Delta Air Lines Inc.,BZN,"Bozeman, MT: Bozeman Yellowstone International",159,33,17.97,1.54,2.42,0,11.07,1,0,2661,2001,72,75,0,513
2022,5,DL,Delta Air Lines Inc.,CAE,"Columbia, SC: Columbia Metropolitan",164,15,9.81,0,1.95,0,3.25,0,0,527,366,0,51,0,110
2022,5,DL,Delta Air Lines Inc.,CHA,"Chattanooga, TN: Lovell Field",169,12,9.63,0,0,0,2.38,0,1,410,344,0,0,0,66
2022,5,DL,Delta Air Lines Inc.,CHS,"Charleston, SC: Charleston AFB/International",333,51,33.81,0,8.77,0,8.42,14,0,3619,2757,0,449,0,413
2022,5,DL,Delta Air Lines Inc.,CID,"Cedar Rapids/Iowa City, IA: The Eastern Iowa",31,3,2.56,0,0,0,0.44,1,0,120,100,0,0,0,20
2022,5,DL,Delta Air Lines Inc.,CLE,"Cleveland, OH: Cleveland-Hopkins International",203,52,35.45,1.1,3.57,0,11.88,7,0,2778,2084,131,108,0,455
2022,5,DL,Delta Air Lines Inc.,CLT,"Charlotte, NC: Charlotte Douglas International",472,50,30.34,1.63,7.04,0,10.99,3,2,3134,1902,155,347,0,730
2022,5,DL,Delta Air Lines Inc.,CMH,"Columbus, OH: John Glenn Columbus International",172,16,13.35,0,0.65,0,2,8,1,533,434,0,28,0,71
2022,5,DL,Delta Air Lines Inc.,CVG,"Cincinnati, OH: Cincinnati/Northern Kentucky International",551,109,49.38,3.88,27.81,0,27.93,16,1,7266,2845,290,1609,0,2522
2022,5,DL,Delta Air Lines Inc.,DAB,"Daytona Beach, FL: Daytona Beach International",122,9,7.07,0,0.57,0,1.36,2,0,495,387,0,13,0,95
2022,5,DL,Delta Air Lines Inc.,DAL,"Dallas, TX: Dallas Love Field",150,15,8.66,0.88,3.19,0,2.26,0,1,749,338,23,304,0,84
2022,5,DL,Delta Air Lines Inc.,DAY,"Dayton, OH: James M Cox/Dayton International",95,6,5,0,0,0,1,0,0,265,240,0,0,0,25
2022,5,DL,Delta Air Lines Inc.,DCA,"Washington, DC: Ronald Reagan Washington National",677,172,86.2,7.28,51.47,0.76,26.29,16,1,9715,4603,1546,2238,32,1296
2022,5,DL,Delta Air Lines Inc.,DEN,"Denver, CO: Denver International",902,168,100.93,3.31,45.44,0.56,17.76,36,3,9069,5418,895,1779,31,946
2022,5,DL,Delta Air Lines Inc.,DFW,"Dallas/Fort Worth, TX: Dallas/Fort Worth International",973,178,78.75,4.02,45.1,0,50.13,21,8,13006,6742,269,2202,0,3793
2022,5,DL,Delta Air Lines Inc.,DSM,"Des Moines, IA: Des Moines International",88,10,9.02,0,0.15,0,0.83,0,0,416,358,0,10,0,48
2022,5,DL,Delta Air Lines Inc.,DTW,"Detroit, MI: Detroit Metro Wayne County",4942,740,291.4,26.13,141.41,0,281.06,138,3,62042,32128,1448,6020,0,22446
2022,5,DL,Delta Air Lines Inc.,ECP,"Panama City, FL: Northwest Florida Beaches International",203,29,19.41,3.54,1.3,0,4.74,4,2,1571,1028,134,72,0,337
2022,5,DL,Delta Air Lines Inc.,ELP,"El Paso, TX: El Paso International",62,11,8.93,0.83,0.55,0,0.7,1,0,534,455,24,42,0,13
2022,5,DL,Delta Air Lines Inc.,EWR,"Newark, NJ: Newark Liberty International",444,135,52.97,1.83,73.95,0,6.25,32,6,11051,4308,61,6001,0,681
2022,5,DL,Delta Air Lines Inc.,EYW,"Key West, FL: Key West International",154,16,4.15,0,8.74,0,3.11,5,1,564,132,0,361,0,71
2022,5,DL,Delta Air Lines Inc.,FAI,"Fairbanks, AK: Fairbanks International",62,15,9.49,0,3.9,0,1.61,1,1,524,362,0,105,0,57
2022,5,DL,Delta Air Lines Inc.,FAR,"Fargo, ND: Hector International",31,7,4.22,0,1,0,1.78,1,0,319,171,0,16,0,132
2022,5,DL,Delta Air Lines Inc.,FCA,"Kalispell, MT: Glacier Park International",32,8,5.7,0,0.4,0,1.9,0,0,420,284,0,19,0,117
2022,5,DL,Delta Air Lines Inc.,FLL,"Fort Lauderdale, FL: Fort Lauderdale-Hollywood International",1003,231,129.64,2.2,65.35,0,33.82,39,10,14351,8463,123,4042,0,1723
2022,5,DL,Delta Air Lines Inc.,FSD,"Sioux Falls, SD: Joe Foss Field",62,12,6.09,0,3.5,0,2.41,1,0,371,172,0,103,0,96
2022,5,DL,Delta Air Lines Inc.,GEG,"Spokane, WA: Spokane International",160,23,14.71,1.34,2.11,0,4.84,10,2,1235,706,81,63,0,385
2022,5,DL,Delta Air Lines Inc.,GNV,"Gainesville, FL: Gainesville Regional",121,9,4.1,0,2,0,2.9,0,0,485,174,0,38,0,273
2022,5,DL,Delta Air Lines Inc.,GPT,"Gulfport/Biloxi, MS: Gulfport-Biloxi International",61,11,7.42,0,2.28,0,1.3,0,0,421,331,0,52,0,38
2022,5,DL,Delta Air Lines Inc.,GRB,"Green Bay, WI: Green Bay Austin Straubel International",31,6,3.09,0,0.11,0,2.8,0,0,415,162,0,6,0,247
2022,5,DL,Delta Air Lines Inc.,GRR,"Grand Rapids, MI: Gerald R. Ford International",282,35,25.8,0.69,1.67,0,6.85,11,0,1594,1238,16,41,0,299
2022,5,DL,Delta Air Lines Inc.,GSO,"Greensboro/High Point, NC: Piedmont Triad International",181,18,13.41,0,2,0,2.59,5,1,774,580,0,88,0,106
2022,5,DL,Delta Air Lines Inc.,GSP,"Greer, SC: Greenville-Spartanburg International",232,16,11.35,0,1.78,0,2.87,2,0,957,580,0,50,0,327
2022,5,DL,Delta Air Lines Inc.,HNL,"Honolulu, HI: Daniel K Inouye International",219,42,25.12,0,11.34,0,5.53,2,0,4088,3140,0,289,0,659
2022,5,DL,Delta Air Lines Inc.,HOU,"Houston, TX: William P Hobby",93,9,4.84,1,1.43,0,1.73,1,0,490,272,16,56,0,146
2022,5,DL,Delta Air Lines Inc.,HPN,"White Plains, NY: Westchester County",62,7,5.75,0,1.19,0,0.06,0,0,209,184,0,21,0,4
2022,5,DL,Delta Air Lines Inc.,HSV,"Huntsville, AL: Huntsville International-Carl T Jones Field",181,24,17.53,2,0.73,0,3.73,0,0,1281,978,96,24,0,183
2022,5,DL,Delta Air Lines Inc.,IAD,"Washington, DC: Washington Dulles International",203,45,28.37,0,9.73,0,6.9,3,0,4025,3281,0,351,0,393
2022,5,DL,Delta Air Lines Inc.,IAH,"Houston, TX: George Bush Intercontinental/Houston",568,104,56.51,1,19.14,0,27.36,8,1,9297,6533,84,1034,0,1646
2022,5,DL,Delta Air Lines Inc.,ICT,"Wichita, KS: Wichita Dwight D Eisenhower National",88,9,7.06,0,1,0,0.94,0,1,399,276,0,24,0,99
2022,5,DL,Delta Air Lines Inc.,IDA,"Idaho Falls, ID: Idaho Falls Regional",89,13,8.03,2,0.71,0,2.27,1,0,1483,595,754,26,0,108
2022,5,DL,Delta Air Lines Inc.,ILM,"Wilmington, NC: Wilmington International",53,4,2.81,0,1,0,0.19,0,0,133,113,0,17,0,3
2022,5,DL,Delta Air Lines Inc.,IND,"Indianapolis, IN: Indianapolis International",283,53,35.97,0.3,7.08,0.64,9.01,8,0,3228,2541,11,296,49,331
2022,5,DL,Delta Air Lines Inc.,JAN,"Jackson/Vicksburg, MS: Jackson Medgar Wiley Evers International",171,15,8.1,1,2.29,0,3.61,1,2,656,392,18,50,0,196
2022,5,DL,Delta Air Lines Inc.,JAX,"Jacksonville, FL: Jacksonville International",425,87,61.86,1.6,8.8,0,14.74,9,1,5756,4636,40,324,0,756
2022,5,DL,Delta Air Lines Inc.,JFK,"New York, NY: John F. Kennedy International",2147,523,183.81,8.29,194.82,0.46,135.61,115,8,36161,17121,534,8952,40,9514
2022,5,DL,Delta Air Lines Inc.,KOA,"Kona, HI: Ellison Onizuka Kona International at Keahole",52,12,6.43,0,3.54,0,2.04,0,0,1534,1320,0,106,0,108
2022,5,DL,Delta Air Lines Inc.,LAS,"Las Vegas, NV: McCarran International",1202,264,123.48,8.39,85.29,0,46.84,25,1,12809,6611,511,3134,0,2553
2022,5,DL,Delta Air Lines Inc.,LAX,"Los Angeles, CA: Los Angeles International",2582,462,214.3,11.48,147.8,0,88.42,79,0,29272,15948,1044,5573,0,6707
2022,5,DL,Delta Air Lines Inc.,LEX,"Lexington, KY: Blue Grass",121,8,7,0,0,0,1,1,0,354,322,0,0,0,32
2022,5,DL,Delta Air Lines Inc.,LGA,"New York, NY: LaGuardia",2191,468,167.15,11.01,188.54,0,101.3,133,25,33061,12881,1696,10290,0,8194
2022,5,DL,Delta Air Lines Inc.,LIH,"Lihue, HI: Lihue Airport",53,5,1.15,0,1.97,0,1.88,0,0,396,161,0,77,0,158
2022,5,DL,Delta Air Lines Inc.,LIT,"Little Rock, AR: Bill and Hillary Clinton Nat Adams Field",166,22,13.18,0,3.8,0,5.02,1,0,1201,869,0,105,0,227
2022,5,DL,Delta Air Lines Inc.,MCI,"Kansas City, MO: Kansas City International",502,68,35.98,1.04,7.47,0,23.51,8,0,5926,4084,44,189,0,1609
2022,5,DL,Delta Air Lines Inc.,MCO,"Orlando, FL: Orlando International",1634,334,166.18,5.45,105.8,0,56.58,55,2,21849,12581,291,4862,0,4115
2022,5,DL,Delta Air Lines Inc.,MDT,"Harrisburg, PA: Harrisburg International",79,6,2.87,0.09,1.13,0,1.91,0,0,254,110,8,18,0,118
2022,5,DL,Delta Air Lines Inc.,MDW,"Chicago, IL: Chicago Midway International",93,30,24.58,0,2.51,0,2.91,1,0,1194,1062,0,66,0,66
2022,5,DL,Delta Air Lines Inc.,MEM,"Memphis, TN: Memphis International",315,56,37.25,0.95,8.54,0,9.26,11,0,3411,2369,130,309,0,603
2022,5,DL,Delta Air Lines Inc.,MIA,"Miami, FL: Miami International",758,160,73.04,2.09,55.11,0,29.76,35,4,13364,8389,128,2968,0,1879
2022,5,DL,Delta Air Lines Inc.,MKE,"Milwaukee, WI: General Mitchell International",326,60,38.53,2.07,3.31,0,16.09,8,0,3955,2890,144,112,0,809
2022,5,DL,Delta Air Lines Inc.,MLB,"Melbourne, FL: Melbourne International",124,25,15.8,0,4.67,0,4.53,4,0,1578,1201,0,157,0,220
2022,5,DL,Delta Air Lines Inc.,MOB,"Mobile, AL: Mobile Regional",61,5,2.87,0,0.5,0,1.63,1,0,187,86,0,15,0,86
2022,5,DL,Delta Air Lines Inc.,MSN,"Madison, WI: Dane County Regional-Truax Field",124,19,14.89,0,1.03,0,3.08,2,0,2131,1969,0,20,0,142
2022,5,DL,Delta Air Lines Inc.,MSO,"Missoula, MT: Missoula International",52,14,7.6,1,0.79,0,4.61,1,0,2774,2375,159,20,0,220
2022,5,DL,Delta Air Lines Inc.,MSP,"Minneapolis, MN: Minneapolis-St Paul International",4700,713,318.64,21.94,149.58,1,221.84,125,32,58872,30803,2283,6973,62,18751
2022,5,DL,Delta Air Lines Inc.,MSY,"New Orleans, LA: Louis Armstrong New Orleans International",556,87,44.57,0,20.45,1,20.98,29,0,4357,2263,0,829,105,1160
2022,5,DL,Delta Air Lines Inc.,MYR,"Myrtle Beach, SC: Myrtle Beach International",175,15,11.35,1.14,1.61,0,0.9,1,0,884,781,25,51,0,27
2022,5,DL,Delta Air Lines Inc.,OAK,"Oakland, CA: Metropolitan Oakland International",53,8,4.55,0,1.53,0,1.92,1,0,558,410,0,41,0,107
2022,5,DL,Delta Air Lines Inc.,OGG,"Kahului, HI: Kahului Airport",95,12,9.17,0,1.26,0,1.57,0,0,948,867,0,28,0,53
2022,5,DL,Delta Air Lines Inc.,OKC,"Oklahoma City, OK: Will Rogers World",150,13,7.15,0,3.71,1,1.14,1,1,537,346,0,96,26,69
2022,5,DL,Delta Air Lines Inc.,OMA,"Omaha, NE: Eppley Airfield",141,19,12.8,0,2.05,0,4.15,3,0,882,532,0,49,0,301
2022,5,DL,Delta Air Lines Inc.,ONT,"Ontario, CA: Ontario International",148,15,9.25,0,0.39,0,5.36,3,0,729,561,0,19,0,149
2022,5,DL,Delta Air Lines Inc.,ORD,"Chicago, IL: Chicago O'Hare International",827,123,66.22,1.41,31.98,0,23.39,24,1,9269,5284,762,1482,0,1741
2022,5,DL,Delta Air Lines Inc.,ORF,"Norfolk, VA: Norfolk International",247,45,30.78,0,6.54,0,7.68,10,1,1678,1026,0,244,0,408
2022,5,DL,Delta Air Lines Inc.,PBI,"West Palm Beach/Palm Beach, FL: Palm Beach International",557,111,60.97,0.33,22.7,0,26.99,33,0,8060,5194,9,1477,0,1380
2022,5,DL,Delta Air Lines Inc.,PDX,"Portland, OR: Portland International",566,117,63.46,2.12,28.79,0,22.63,21,1,6399,4098,99,817,0,1385
2022,5,DL,Delta Air Lines Inc.,PHL,"Philadelphia, PA: Philadelphia International",362,77,52.63,1.54,13.98,0,8.85,12,0,4334,3192,32,622,0,488
2022,5,DL,Delta Air Lines Inc.,PHX,"Phoenix, AZ: Phoenix Sky Harbor International",818,113,68.94,4.76,14.36,0,24.95,38,1,6189,4342,326,427,0,1094
2022,5,DL,Delta Air Lines Inc.,PIT,"Pittsburgh, PA: Pittsburgh International",173,32,22.58,0,1.09,0,8.32,10,0,1765,1252,0,29,0,484
2022,5,DL,Delta Air Lines Inc.,PNS,"Pensacola, FL: Pensacola International",208,28,19.6,0,5.91,0,2.49,12,0,1072,809,0,148,0,115
2022,5,DL,Delta Air Lines Inc.,PSP,"Palm Springs, CA: Palm Springs International",8,0,0,0,0,0,0,0,0,0,0,0,0,0,0
2022,5,DL,Delta Air Lines Inc.,PVD,"Providence, RI: Theodore Francis Green State",128,24,15.07,0,2.58,0,6.35,4,0,1197,840,0,80,0,277
2022,5,DL,Delta Air Lines Inc.,PWM,"Portland, ME: Portland International Jetport",109,27,6.13,4.56,14.52,0,1.8,2,3,5460,481,2936,1879,0,164
2022,5,DL,Delta Air Lines Inc.,RDU,"Raleigh/Durham, NC: Raleigh-Durham International",874,169,84.03,4.86,43.33,0,36.77,25,2,11149,6892,477,1525,0,2255
2022,5,DL,Delta Air Lines Inc.,RIC,"Richmond, VA: Richmond International",232,40,27.28,0,6.61,0,6.11,8,0,1487,1155,0,185,0,147
2022,5,DL,Delta Air Lines Inc.,RNO,"Reno, NV: Reno/Tahoe International",62,8,5.48,1,0.02,0,1.5,2,0,764,484,167,1,0,112
2022,5,DL,Delta Air Lines Inc.,ROA,"Roanoke, VA: Roanoke Blacksburg Regional Woodrum Field",52,5,3.66,0,0.1,0,1.24,0,0,212,141,0,3,0,68
2022,5,DL,Delta Air Lines Inc.,ROC,"Rochester, NY: Greater Rochester International",93,13,7.5,2,0.11,0,3.39,2,0,783,388,85,5,0,305
2022,5,DL,Delta Air Lines Inc.,RSW,"Fort Myers, FL: Southwest Florida International",609,115,66.71,1.52,26.72,0,20.04,17,0,6378,4320,80,1018,0,960
2022,5,DL,Delta Air Lines Inc.,SAN,"San Diego, CA: San Diego International",691,110,62.98,1.78,16.94,0,28.3,20,1,5840,3427,75,665,0,1673
2022,5,DL,Delta Air Lines Inc.,SAT,"San Antonio, TX: San Antonio International",418,70,33.22,6.93,12.02,0,17.83,8,3,3574,1813,544,361,0,856
2022,5,DL,Delta Air Lines Inc.,SAV,"Savannah, GA: Savannah/Hilton Head International",303,63,31.25,1,19.32,0,11.44,15,0,3905,2791,38,652,0,424
2022,5,DL,Delta Air Lines Inc.,SDF,"Louisville, KY: Louisville Muhammad Ali International",212,35,25.29,1.29,3.85,0,4.57,9,0,1896,1474,28,121,0,273
2022,5,DL,Delta Air Lines Inc.,SEA,"Seattle, WA: Seattle/Tacoma International",2397,325,157.71,3.82,89.47,0,74,87,1,23101,15101,268,2477,0,5255
2022,5,DL,Delta Air Lines Inc.,SFO,"San Francisco, CA: San Francisco International",767,155,93.51,1.86,42.19,0,17.43,21,1,8588,6032,292,1196,0,1068
2022,5,DL,Delta Air Lines Inc.,SGF,"Springfield, MO: Springfield-Branson National",74,4,3.49,0,0.51,0,0,1,0,240,213,0,27,0,0
2022,5,DL,Delta Air Lines Inc.,SJC,"San Jose, CA: Norman Y. Mineta San Jose International",159,40,17.48,1,11.71,0,9.81,3,0,3120,2138,29,350,0,603
2022,5,DL,Delta Air Lines Inc.,SJU,"San Juan, PR: Luis Munoz Marin International",190,36,17.28,0.85,15.72,0,2.15,7,0,1609,1053,33,465,0,58
2022,5,DL,Delta Air Lines Inc.,SLC,"Salt Lake City, UT: Salt Lake City International",4156,567,248.13,22.27,120.08,0,176.52,112,9,46365,26474,2838,4433,0,12620
2022,5,DL,Delta Air Lines Inc.,SMF,"Sacramento, CA: Sacramento International",211,38,20.01,2.88,9.2,0,5.92,3,0,2762,1661,334,238,0,529
2022,5,DL,Delta Air Lines Inc.,SNA,"Santa Ana, CA: John Wayne Airport-Orange County",374,52,24.9,0.07,14.92,0,12.11,10,2,3396,2239,19,368,0,770
2022,5,DL,Delta Air Lines Inc.,SRQ,"Sarasota/Bradenton, FL: Sarasota/Bradenton International",227,40,23.43,1.82,7.62,0,7.13,5,1,1635,1083,36,261,0,255
2022,5,DL,Delta Air Lines Inc.,STL,"St. Louis, MO: St Louis Lambert International",371,69,40.05,3.52,10.2,0,15.24,10,2,5272,3591,260,307,0,1114
2022,5,DL,Delta Air Lines Inc.,STT,"Charlotte Amalie, VI: Cyril E King",85,23,4.28,0,16.35,0,2.37,0,0,824,305,0,469,0,50
2022,5,DL,Delta Air Lines Inc.,STX,"Christiansted, VI: Henry E. Rohlsen",8,2,1,0,1,0,0,0,0,46,31,0,15,0,0
2022,5,DL,Delta Air Lines Inc.,SYR,"Syracuse, NY: Syracuse Hancock International",88,12,8.14,0,2.56,0,1.3,5,0,652,513,0,102,0,37
2022,5,DL,Delta Air Lines Inc.,TLH,"Tallahassee, FL: Tallahassee International",135,29,16.6,2,4.38,0,6.02,0,0,1447,795,55,233,0,364
2022,5,DL,Delta Air Lines Inc.,TPA,"Tampa, FL: Tampa International",1103,254,129.64,1.56,68.91,0,53.89,44,0,14067,8121,93,2863,0,2990
2022,5,DL,Delta Air Lines Inc.,TUL,"Tulsa, OK: Tulsa International",121,11,9.22,0,0.71,0,1.07,0,0,1158,1096,0,25,0,37
2022,5,DL,Delta Air Lines Inc.,TUS,"Tucson, AZ: Tucson International",99,14,6.03,2,0.2,0,5.77,1,0,659,394,69,8,0,188
2022,5,DL,Delta Air Lines Inc.,TYS,"Knoxville, TN: McGhee Tyson",140,19,12.13,1,1.07,0,4.8,4,0,1532,1126,15,47,0,344
2022,5,DL,Delta Air Lines Inc.,VPS,"Valparaiso, FL: Eglin AFB Destin Fort Walton Beach",215,23,13.98,1,5.32,0,2.7,5,0,1053,705,55,181,0,112
2022,5,DL,Delta Air Lines Inc.,XNA,"Fayetteville, AR: Northwest Arkansas Regional",52,5,3.05,0,1,0,0.95,0,0,319,248,0,30,0,41
2022,5,F9,Frontier Airlines Inc.,ABQ,"Albuquerque, NM: Albuquerque International Sunport",9,3,1.4,0,0.79,0,0.81,0,0,87,33,0,24,0,30
2022,5,F9,Frontier Airlines Inc.,ALB,"Albany, NY: Albany International",31,6,2.61,0,2.5,0,0.89,1,0,420,195,0,89,0,136
2022,5,F9,Frontier Airlines Inc.,ATL,"Atlanta, GA: Hartsfield-Jackson Atlanta International",667,281,79.95,2.36,76.44,0,122.25,12,0,20911,5004,135,4242,0,11530
2022,5,F9,Frontier Airlines Inc.,AUS,"Austin, TX: Austin - Bergstrom International",33,5,3.1,0.5,0.23,0,1.17,1,0,274,127,15,7,0,125
2022,5,F9,Frontier Airlines Inc.,BDL,"Hartford, CT: Bradley International",79,27,10.1,0,11.72,0,5.17,1,0,1677,614,0,553,0,510
2022,5,F9,Frontier Airlines Inc.,BIS,"Bismarck/Mandan, ND: Bismarck Municipal",9,4,1.27,0,2.33,0,0.4,0,0,144,22,0,116,0,6
2022,5,F9,Frontier Airlines Inc.,BKG,"Branson, MO: Branson Airport",9,3,0.8,0,1.2,0,1,0,0,150,50,0,81,0,19
2022,5,F9,Frontier Airlines Inc.,BMI,"Bloomington/Normal, IL: Central Il Regional Airport at Bloomington",13,2,0.06,0,0.94,0,1,0,0,170,2,0,32,0,136
2022,5,F9,Frontier Airlines Inc.,BNA,"Nashville, TN: Nashville International",65,18,4.93,1.24,4.29,0,7.53,2,0,874,143,104,117,0,510
2022,5,F9,Frontier Airlines Inc.,BOS,"Boston, MA: Logan International",71,26,7.01,1,14.75,0,3.24,1,0,1306,490,18,584,0,214
2022,5,F9,Frontier Airlines Inc.,BQN,"Aguadilla, PR: Rafael Hernandez",13,4,2.35,0,0.03,0,1.62,0,0,139,78,0,1,0,60
2022,5,F9,Frontier Airlines Inc.,BTV,"Burlington, VT: Burlington International",9,5,2.59,0,0.46,0,1.95,0,0,478,369,0,24,0,85
2022,5,F9,Frontier Airlines Inc.,BUF,"Buffalo, NY: Buffalo Niagara International",104,27,13.32,0,6.7,0,6.98,2,0,1463,658,0,357,0,448
2022,5,F9,Frontier Airlines Inc.,BUR,"Burbank, CA: Bob Hope",31,11,6.48,0,2.58,0,1.94,0,0,503,277,0,109,0,117
2022,5,F9,Frontier Airlines Inc.,BWI,"Baltimore, MD: Baltimore/Washington International Thurgood Marshall",127,53,25.45,1.99,8.66,0,16.9,2,1,3341,1509,141,304,0,1387
2022,5,F9,Frontier Airlines Inc.,CHS,"Charleston, SC: Charleston AFB/International",10,3,0.02,0,0,0,2.98,1,0,446,7,0,0,0,439
2022,5,F9,Frontier Airlines Inc.,CID,"Cedar Rapids/Iowa City, IA: The Eastern Iowa",21,5,1.28,0,2.34,0,1.38,0,0,187,40,0,85,0,62
